"ConstantSupport","fPhotoDescription","fPhotoFlagsN"
"ConstantSupport","fPhotoDescription","fPhotoStatusN"
"ConstantSupport","fSpecDescription","fSpecClassN"
"ConstantSupport","fSpecDescription","fSpecZStatusN"
"ConstantSupport","fSpecDescription","fSpecZWarningN"
"FrameTables","spComputeFrameHTM","fEqFromMuNu"
"FrameTables","spComputeFrameHTM","fHtmXyz"
"FrameTables","spComputeFrameHTM","fMuNuFromEq"
"FrameTables","spMakeFrame","fTileFileName"
"IndexMap","spBuildForeignKeys","spBuildIndex"
"IndexMap","spBuildIndices","spBuildIndex"
"IndexMap","spBuildNextIndex","spCreateIndex"
"IndexMap","spBuildPrimaryKeys","spBuildIndex"
"IndexMap","spBuildPrimaryKeys","spNewPhase"
"IndexMap","spCreateIndex","spNewPhase"
"IndexMap","spDropIndexAll","spDropIndex"
"IndexMap","spIndexFinish","spBuildIndex"
"MetadataTables","spCheckDBIndexes","fIndexName"
"MetadataTables","spCompareChecksum","fGetDiagChecksum"
"MetadataTables","spUpdateSkyServerCrossCheck","fGetDiagChecksum"
"PhotoTables","fIAUFromEq","fDMS"
"PhotoTables","fIAUFromEq","FHMS"
"PhotoTables","fMagToFluxErr","fMagToFlux"
"PhotoTables","fSDSS","fCamcol"
"PhotoTables","fSDSS","fField"
"PhotoTables","fSDSS","fObj"
"PhotoTables","fSDSS","fRerun"
"PhotoTables","fSDSS","fRun"
"PhotoTables","fSDSS","fSkyVersion"
"spBoundary","spBoundaryCreate","spBoundaryPlate"
"spBoundary","spBoundaryCreate","spBoundaryPrimary"
"spBoundary","spBoundaryCreate","spBoundarySegment"
"spBoundary","spBoundaryCreate","spBoundaryStripe"
"spBoundary","spBoundaryCreate","spBoundaryTiGeom"
"spBoundary","spBoundaryCreate","spRegionSimplify"
"spBoundary","spBoundaryPlate","spRegionSimplify"
"spBoundary","spBoundaryPrimary","spRegionSimplify"
"spBoundary","spBoundaryRunbox","fEqFromMuNu"
"spBoundary","spBoundaryRunbox","fEtaToNormal"
"spBoundary","spBoundaryRunbox","fWedgeV3"
"spBoundary","spBoundaryRunbox","spRegionDelete"
"spBoundary","spBoundaryRunbox","spRegionSimplify"
"spBoundary","spBoundarySegment","fEqFromMuNu"
"spBoundary","spBoundarySegment","fEtaToNormal"
"spBoundary","spBoundarySegment","fWedgeV3"
"spBoundary","spBoundarySegment","spRegionNew"
"spBoundary","spBoundarySegment","spRegionSimplify"
"spBoundary","spBoundaryStripe","fEqFromMuNu"
"spBoundary","spBoundaryStripe","fEtaToNormal"
"spBoundary","spBoundaryStripe","fWedgeV3"
"spBoundary","spBoundaryStripe","spRegionSimplify"
"spBoundary","spBoundaryTiGeom","fEqFromMuNu"
"spBoundary","spBoundaryTiGeom","fEtaToNormal"
"spBoundary","spBoundaryTiGeom","fWedgeV3"
"spBoundary","spBoundaryTiGeom","spRegionSimplify"
"spCoordinate","fEtaToNormal","fRotateV3"
"spCoordinate","fGetLat","fRotateV3"
"spCoordinate","fGetLon","fRotateV3"
"spCoordinate","fGetLonLat","fRotateV3"
"spCoordinate","fStripeToNormal","fRotateV3"
"spCoordinate","spBuildRmatrix","spTransposeRmatrix"
"spFinish","fGetNearbyTiledTargetsEq","fHTMCover"
"spFinish","spFinishDropIndices","spDropIndexAll"
"spFinish","spFinishDropIndices","spNewPhase"
"spFinish","spFinishStep","spBuildForeignKeys"
"spFinish","spFinishStep","spBuildIndex"
"spFinish","spFinishStep","spBuildIndices"
"spFinish","spFinishStep","spBuildPrimaryKeys"
"spFinish","spFinishStep","spEndStep"
"spFinish","spFinishStep","spFinishDropIndices"
"spFinish","spFinishStep","spLoadPhotoTag"
"spFinish","spFinishStep","spMatchTargetBest"
"spFinish","spFinishStep","spNeighbors"
"spFinish","spFinishStep","spNewPhase"
"spFinish","spFinishStep","spStartStep"
"spFinish","spFinishStep","spSynchronize"
"spFinish","spLoadPhotoTag","spNewPhase"
"spFinish","spMatchTargetBest","fGetNearestObjIdEqMode"
"spFinish","spMatchTargetBest","spNewPhase"
"spFinish","spSpectroPhotoMatch","fGetNearestObjIdEqMode"
"spFinish","spSpectroPhotoMatch","spNewPhase"
"spFinish","spSynchronize","fDatediffSec"
"spFinish","spSynchronize","spBuildSpecPhotoAll"
"spFinish","spSynchronize","spNewPhase"
"spFinish","spSynchronize","spSpectroPhotoMatch"
"spFinish","spSynchronize","spTiledTargetDuplicates"
"spFinish","spTiledTargetDuplicates","fgetNearbyTiledTargetsEq"
"spFinish","spTiledTargetDuplicates","fObjType"
"spHTM","fHtmEq","fHtmLookupEq"
"spHTM","fHtmLookupEq","fHtmLookupXyz"
"spHTM","fHtmLookupXyz","fHtmLookup"
"spHTM","fHtmXyz","fHtmLookupXyz"
"spNearby","fGetJpegObjects","fGetObjectsEq"
"spNearby","fGetNearbyFrameEq","fHtmCover"
"spNearby","fGetNearbyObjAllEq","fGetNearbyObjAllXYZ"
"spNearby","fGetNearbyObjAllXYZ","fHtmCover"
"spNearby","fGetNearbyObjEq","fGetNearbyObjXYZ"
"spNearby","fGetNearbyObjXYZ","fHtmCover"
"spNearby","fGetNearestFrameidEq","fGetNearestFrameEq"
"spNearby","fGetNearestObjEq","fGetNearbyObjXYZ"
"spNearby","fGetNearestObjIdEq","fGetNearestObjEq"
"spNearby","fGetNearestObjIdEqMode","fGetNearbyObjAllXYZ"
"spNearby","fGetNearestObjIdEqType","fGetNearbyObjEq"
"spNearby","fGetNearestObjXYZ","fGetNearbyObjXYZ"
"spNearby","fGetObjectsEq","fHtmCover"
"spNearby","fGetObjFromRect","fGetNearbyObjEq"
"spNearby","spGetNeighbors","fGetNearbyObjAllEq"
"spNearby","spGetNeighborsAll","fGetNearbyObjAllEq"
"spNearby","spGetNeighborsPrim","fGetNearbyObjEq"
"spNearby","spNearestObjEq","fPhotoTypeN"
"spNeighbor","spNeighbors","fDatediffSec"
"spNeighbor","spNeighbors","spBuildIndex"
"spNeighbor","spNeighbors","spNewPhase"
"spPublish","spBackupStep","spEndStep"
"spPublish","spBackupStep","spNewPhase"
"spPublish","spBackupStep","spStartStep"
"spPublish","spCopyATable","spNewPhase"
"spPublish","spPublishPhoto","spCopyATable"
"spPublish","spPublishPhoto","spNewPhase"
"spPublish","spPublishPlates","spCopyATable"
"spPublish","spPublishPlates","spNewPhase"
"spPublish","spPublishStep","spEndStep"
"spPublish","spPublishStep","spNewPhase"
"spPublish","spPublishStep","spPublishPhoto"
"spPublish","spPublishStep","spPublishPlates"
"spPublish","spPublishStep","spPublishTiling"
"spPublish","spPublishStep","spStartStep"
"spPublish","spPublishTiling","spCopyATable"
"spPublish","spPublishTiling","spNewPhase"
"spRegion","fRegionConvexIdToString","fRegionSimplifyString"
"spRegion","fRegionConvexToArcs","fRegionFromString"
"spRegion","fRegionConvexToArcs","fWedgeV3"
"spRegion","fRegionFromString","fNormalizeString"
"spRegion","fRegionFromString","fTokenAdvance"
"spRegion","fRegionFromString","fTokenNext"
"spRegion","fRegionGetObjectsFromRegionId","fHtmCover"
"spRegion","fRegionGetObjectsFromString","fHtmCover"
"spRegion","fRegionGetObjectsFromString","fHtmToNormalForm"
"spRegion","fRegionGetObjectsFromString","fRegionFromString"
"spRegion","fRegionGetObjectsFromString","fRegionFuzz"
"spRegion","fRegionIdToString","fRegionConvexIdToString"
"spRegion","fRegionNot","fRegionNot"
"spRegion","fRegionsContainingPointEq","fRegionsContainingPointXYZ"
"spRegion","fRegionsContainingPointXYZ","fRegionFuzz"
"spRegion","fRegionsContainingPointXYZ","fTokenStringToTable"
"spRegion","fRegionSimplifyString","fHtmToNormalForm"
"spRegion","fRegionSimplifyString","fNormalizeString"
"spRegion","fRegionsOverlapRegion","fNormalizeString"
"spRegion","fRegionsOverlapRegion","fRegionFromString"
"spRegion","fRegionsOverlapRegion","fRegionFuzz"
"spRegion","fRegionsOverlapRegion","fRegionSimplifyString"
"spRegion","fRegionsOverlapRegion","fTokenStringToTable"
"spRegion","fRegionStringToArcs","fRegionConvexToArcs"
"spRegion","fRegionToArcs","fRegionConvexToArcs"
"spRegion","fTokenStringToTable","fNormalizeString"
"spRegion","fTokenStringToTable","fTokenAdvance"
"spRegion","fTokenStringToTable","fTokenNext"
"spRegion","spRegionAnd","spRegionNew"
"spRegion","spRegionAnd","spRegionSimplify"
"spRegion","spRegionCopy","spRegionSimplify"
"spRegion","spRegionIntersect","spRegionSimplify"
"spRegion","spRegionNot","fRegionNot"
"spRegion","spRegionNot","spRegionNew"
"spRegion","spRegionNot","spRegionSimplify"
"spRegion","spRegionOr","spRegionNew"
"spRegion","spRegionOr","spRegionSimplify"
"spRegion","spRegionSimplify","fDistanceArcMinEq"
"spRegion","spRegionSimplify","fRegionConvexIdToString"
"spRegion","spRegionSimplify","fRegionIDtoString"
"spRegion","spRegionSimplify","fRegionPredicate"
"spRegion","spRegionSimplify","fRegionToArcs"
"spRegion","spRegionSimplify","spRegionUnify"
"spRegion","spRegionSubtract","spRegionDelete"
"spRegion","spRegionSubtract","spRegionIntersect"
"spRegion","spRegionSubtract","spRegionNot"
"spRegion","spRegionSubtract","spRegionSimplify"
"spRegion","spRegionUnify","fDistanceArcMinEq"
"spRegion","spRegionUnify","fRegionConvexIdToString"
"spRegion","spRegionUnify","fRegionIDtoString"
"spRegion","spRegionUnify","fRegionPredicate"
"spRegion","spRegionUnify","fRegionToArcs"
"spSector","spSectorCreate","spSectorCreateSectorlets"
"spSector","spSectorCreate","spSectorCreateSectors"
"spSector","spSectorCreate","spSectorCreateSkyBoxes"
"spSector","spSectorCreate","spSectorCreateTileBoxes"
"spSector","spSectorCreate","spSectorCreateWedges"
"spSector","spSectorCreateSectorlets","spRegionAnd"
"spSector","spSectorCreateSectorlets","spRegionDelete"
"spSector","spSectorCreateSectors","spRegionNew"
"spSector","spSectorCreateSectors","spRegionSimplify"
"spSector","spSectorCreateSectors","spSectorCreate"
"spSector","spSectorCreateSkyBoxes","ftokenNext"
"spSector","spSectorCreateSkyBoxes","spRegionAnd"
"spSector","spSectorCreateSkyBoxes","spRegionCopy"
"spSector","spSectorCreateSkyBoxes","spRegionDelete"
"spSector","spSectorCreateSkyBoxes","spSectorNibbles"
"spSector","spSectorCreateTileBoxes","spRegionAnd"
"spSector","spSectorCreateTileBoxes","spRegionCopy"
"spSector","spSectorCreateTileBoxes","spRegionDelete"
"spSector","spSectorCreateTileBoxes","spRegionIntersect"
"spSector","spSectorCreateTileBoxes","spSectorNibbles"
"spSector","spSectorCreateWedges","spRegionAnd"
"spSector","spSectorCreateWedges","spRegionCopy"
"spSector","spSectorCreateWedges","spRegionDelete"
"spSector","spSectorCreateWedges","spRegionSubtract"
"spSector","spSectorNibbles","fEtaToNormal"
"spSector","spSectorNibbles","spRegionCopy"
"spSector","spSectorNibbles","spRegionDelete"
"spSector","spSectorNibbles","spRegionSimplify"
"spSetValues","spFillMaskedObject","fRegionGetObjectsFromString"
"spSetValues","spFillMaskedObject","spEndStep"
"spSetValues","spFillMaskedObject","spNewPhase"
"spSetValues","spSetInsideMask","spEndStep"
"spSetValues","spSetInsideMask","spNewPhase"
"spSetValues","spSetLoadVersion","spEndStep"
"spSetValues","spSetLoadVersion","spNewPhase"
"spSetValues","spSetValues","fHtmXYZ"
"spSetValues","spSetValues","fObjType"
"spSetValues","spSetValues","spComputeFrameHTM"
"spSetValues","spSetValues","spEndStep"
"spSetValues","spSetValues","spFillMaskedObject"
"spSetValues","spSetValues","spNewPhase"
"spSetValues","spSetValues","spSetInsideMask"
"spSetValues","spSetValues","spSetLoadVersion"
"spSetValues","spSetValues","spTargetInfoTargetObjid"
"spSetValues","spTargetInfoTargetObjID","ffirstfieldbit"
"spSetValues","spTargetInfoTargetObjID","spNewPhase"
"spValidate","spComputePhotoParentID","spNewPhase"
"spValidate","spGenericTest","spNewPhase"
"spValidate","spTestForeignKey","spNewPhase"
"spValidate","spTestHtm","fHTMLookup"
"spValidate","spTestHtm","spNewPhase"
"spValidate","spTestPhotoParentID","spNewPhase"
"spValidate","spTestUniqueKey","spNewPhase"
"spValidate","spValidatePhoto","fDatediffSec"
"spValidate","spValidatePhoto","spComputePhotoParentID"
"spValidate","spValidatePhoto","spGenericTest"
"spValidate","spValidatePhoto","spNewPhase"
"spValidate","spValidatePhoto","spTestForeignKey"
"spValidate","spValidatePhoto","spTestHtm"
"spValidate","spValidatePhoto","spTestPhotoParentID"
"spValidate","spValidatePhoto","spTestUniqueKey"
"spValidate","spValidatePlates","fDatediffSec"
"spValidate","spValidatePlates","spNewPhase"
"spValidate","spValidatePlates","spTestForeignKey"
"spValidate","spValidatePlates","spTestHtm"
"spValidate","spValidatePlates","spTestUniqueKey"
"spValidate","spValidateStep","spEndStep"
"spValidate","spValidateStep","spNewPhase"
"spValidate","spValidateStep","spStartStep"
"spValidate","spValidateStep","spValidatePhoto"
"spValidate","spValidateStep","spValidatePlates"
"spValidate","spValidateStep","spValidateTiles"
"spValidate","spValidateTiles","fDatediffSec"
"spValidate","spValidateTiles","spNewPhase"
"spValidate","spValidateTiles","spTestForeignKey"
"spValidate","spValidateTiles","spTestUniqueKey"
"spWebSupport","fGetUrlFitsField","fSkyVersion"
"spWebSupport","spDocEnum","fEnum"
"spWebSupport","spExecuteSQL","fIsNumbers"
"spWebSupport","spExecuteSQL","fReplace"
"spWebSupport","spSkyServerFormattedQuery","fIsNumbers"
"spWebSupport","spSkyServerFormattedQuery","fReplace"
"spWebSupport","spSkyServerFreeFormQuery","spExecuteSQL"
